Id	Description
Q8EYB5	Q8EYB5
Q8EYN9	Q8EYN9
Q8EXH2	Q8EXH2
Q8EXH1	Q8EXH1
Q8EZT8	Q8EZT8
Q8F7P9	Q8F7P9
Q8F7Q7	Q8F7Q7
Q8EXU0	Q8EXU0
Q8F145	Q8F145
Q8F3U4	Q8F3U4
Q8F2Z5	Q8F2Z5
Q8EZC5	Q8EZC5
Q8EXC3	Q8EXC3
Q8F2I9	Q8F2I9
Q8F4J3	Q8F4J3
Q8F937	Q8F937
Q8EYV9	Q8EYV9
Q8EZP1	Q8EZP1
Q8EYV6	Q8EYV6
Q8F778	Q8F778
Q8F134	Q8F134
G1UB19	G1UB19
P97041	P97041
Q8F9F8	Q8F9F8
Q8CVD8	Q8CVD8
P59247	P59247
Q8F9F2	Q8F9F2
Q8EXJ3	Q8EXJ3
Q8EXN4	Q8EXN4
Q8EZN3	Q8EZN3
Q8F724	Q8F724
Q8EY43	Q8EY43
G1UB20	G1UB20
Q8EYY4	Q8EYY4
Q8EXW3	Q8EXW3
Q8F641	Q8F641
Q8F1W7	Q8F1W7
Q8F002	Q8F002
Q8EXA4	Q8EXA4
Q8EYK8	Q8EYK8
Q8EYC0	Q8EYC0
Q8EYK9	Q8EYK9
P59219	P59219
Q8EXQ8	Q8EXQ8
Q8F6H0	Q8F6H0
Q8EYT6	Q8EYT6
Q8F636	Q8F636
Q8F7R0	Q8F7R0
Q8F7V4	Q8F7V4
Q8F397	Q8F397
