SeqID	Localization	Score
Q8EZN3 	CytoplasmicMembrane	10.00
Q8EZP1 	CytoplasmicMembrane	9.99
Q8F2Z5 	CytoplasmicMembrane	10.00
P59219 	CytoplasmicMembrane	10.00
P59247 	CytoplasmicMembrane	10.00
P97041 	CytoplasmicMembrane	10.00
Q8EYK8 	CytoplasmicMembrane	10.00
Q8EYY4 	CytoplasmicMembrane	10.00
Q8EZC5 	Cytoplasmic	9.97
Q8EZT8 	Cytoplasmic	9.97
Q8F002 	Cytoplasmic	8.96
Q8F134 	Cytoplasmic	8.96
Q8F145 	CytoplasmicMembrane	10.00
Q8F1W7 	CytoplasmicMembrane	10.00
Q8F2I9 	Unknown	2.00
Q8F397 	CytoplasmicMembrane	10.00
Q8F3U4 	Cytoplasmic	9.97
Q8F4J3 	CytoplasmicMembrane	10.00
Q8F636 	Unknown	2.00
Q8F641 	CytoplasmicMembrane	10.00
Q8F6H0 	CytoplasmicMembrane	10.00
Q8F724 	CytoplasmicMembrane	10.00
Q8F778 	CytoplasmicMembrane	10.00
Q8F7P9 	CytoplasmicMembrane	10.00
Q8F7Q7 	CytoplasmicMembrane	10.00
Q8F7R0 	CytoplasmicMembrane	10.00
Q8F7V4 	Cytoplasmic	9.26
Q8F937 	Cytoplasmic	9.97
Q8F9F2 	CytoplasmicMembrane	10.00
Q8F9F8 	CytoplasmicMembrane	10.00
G1UB19 	CytoplasmicMembrane	10.00
G1UB20 	Cytoplasmic	9.26
Q8CVD8 	Unknown	2.00
Q8EXA4 	Cytoplasmic	8.96
Q8EXC3 	CytoplasmicMembrane	10.00
Q8EXH1 	CytoplasmicMembrane	10.00
Q8EXH2 	Cytoplasmic	9.26
Q8EXJ3 	Cytoplasmic	9.97
Q8EXN4 	CytoplasmicMembrane	10.00
Q8EXQ8 	CytoplasmicMembrane	10.00
Q8EXU0 	CytoplasmicMembrane	10.00
Q8EXW3 	Cytoplasmic	8.96
Q8EY43 	CytoplasmicMembrane	9.82
Q8EYB5 	CytoplasmicMembrane	10.00
Q8EYC0 	CytoplasmicMembrane	10.00
Q8EYK9 	Cytoplasmic	9.97
Q8EYN9 	CytoplasmicMembrane	7.88
Q8EYT6 	CytoplasmicMembrane	10.00
Q8EYV6 	CytoplasmicMembrane	10.00
Q8EYV9 	CytoplasmicMembrane	10.00