N	Id	Description	Localization	         Method	Threshold	Avg Score	Cover	Epitope	Start	End	N-Glyc	N-Glyc-Count	N-Glyc-Motifs	Length	kDa	I.P	Avg Hydropathy	Avg Cover
1	Q8F937	Q8F937	Cytoplasmic	   BepiPred-3.0	0.15	0.18	-	TLDKTDNPLKN	892	903	N	0	-	11	1.26	5.63	-1.56	0.80
				          Emini	1.00	2.37	1.00	EEEEEEEEEEE         	
				       Kolaskar	1.03	0.96	0.00	...........         	
				    Chou Fosman	0.97	1.21	1.00	EEEEEEEEEEE         	
				 Karplus Schulz	0.99	1.07	1.00	EEEEEEEEEEE         	
				         Parker	1.26	4.01	1.00	EEEEEEEEEEE         	
				    All matches	-	-	0.00	...........         	
				         N-Glyc	-	-	0.00	...........         	
				     Hydropathy	-	-1.56	-	-+------+--         	
2	Q8EZN3	Q8EZN3	CytoplasmicMembrane	   BepiPred-3.0	0.15	0.20	-	EEGTKKKPEKTVKSKKQN	624	642	N	0	-	18	2.09	9.88	-2.49	0.79
				          Emini	1.00	3.56	1.00	EEEEEEEEEEEEEEEEEE         	
				       Kolaskar	1.02	0.95	0.00	..................         	
				    Chou Fosman	0.95	1.05	0.94	EEEEEEEEEEE.EEEEEE         	
				 Karplus Schulz	1.00	1.09	1.00	EEEEEEEEEEEEEEEEEE         	
				         Parker	1.41	5.01	1.00	EEEEEEEEEEEEEEEEEE         	
				    All matches	-	-	0.00	..................         	
				         N-Glyc	-	-	0.00	..................         	
				     Hydropathy	-	-2.49	-	-----------+------         	
3	P59247	P59247	CytoplasmicMembrane	   BepiPred-3.0	0.15	0.19	-	GEEQDGDSERNR	203	215	N	0	-	12	1.39	4.18	-2.93	0.67
				          Emini	1.00	5.27	0.83	EEEEEEEEEE..         	
				       Kolaskar	1.07	0.76	0.00	............         	
				    Chou Fosman	0.91	0.96	0.75	.EEEEEEEEE..         	
				 Karplus Schulz	0.97	0.82	0.75	EEEEEEEEE...         	
				         Parker	-0.88	5.60	1.00	EEEEEEEEEEEE         	
				    All matches	-	-	0.00	............         	
				         N-Glyc	-	-	0.00	............         	
				     Hydropathy	-	-2.93	-	------------         	
4	Q8EXW3	Q8EXW3	Cytoplasmic	   BepiPred-3.0	0.15	0.24	-	KEKKPPIPPFRDKTFND	402	419	N	0	-	17	2.06	9.53	-1.83	0.66
				          Emini	1.00	1.92	0.65	EEEEEE...EEEEE...         	
				       Kolaskar	1.02	0.99	0.24	.....EEEE........         	
				    Chou Fosman	0.93	1.07	0.94	.EEEEEEEEEEEEEEEE         	
				 Karplus Schulz	1.00	1.04	0.88	EEEEEEEEEEEEEEE..         	
				         Parker	1.37	1.97	0.59	EEEEEE....E.EEE..         	
				    All matches	-	-	0.06	.....E...........         	
				         N-Glyc	-	-	0.00	.................         	
				     Hydropathy	-	-1.83	-	------+--+----+--         	
5	Q8F937	Q8F937	Cytoplasmic	   BepiPred-3.0	0.15	0.18	-	NSTLQNQTKTN	1	12	Y	2	NST[1:3]-NQT[6:8]	11	1.25	8.75	-1.86	0.65
				          Emini	1.00	2.42	0.91	.EEEEEEEEEE         	
				       Kolaskar	1.03	0.78	0.00	...........         	
				    Chou Fosman	0.97	0.86	0.73	..EEEEEEE.E         	
				 Karplus Schulz	0.99	0.87	0.82	..EEEEEEEEE         	
				         Parker	1.26	3.24	0.82	..EEEEEEEEE         	
				    All matches	-	-	0.00	...........         	
				         N-Glyc	-	-	0.55	EEE..EEE...         	
				     Hydropathy	-	-1.86	-	---+-------         	
6	Q8EYY4	Q8EYY4	CytoplasmicMembrane	   BepiPred-3.0	0.15	0.20	-	WTDTETFNHE	429	439	N	0	-	10	1.28	4.13	-1.74	0.62
				          Emini	1.00	1.41	0.80	.EEEEEEE.E         	
				       Kolaskar	1.03	0.95	0.00	..........         	
				    Chou Fosman	0.94	0.97	0.60	EEEEEE....         	
				 Karplus Schulz	0.98	1.00	0.70	EEEEEEE...         	
				         Parker	-0.11	2.81	1.00	EEEEEEEEEE         	
				    All matches	-	-	0.00	..........         	
				         N-Glyc	-	-	0.00	..........         	
				     Hydropathy	-	-1.74	-	------+---         	
7	Q8F2Z5	Q8F2Z5	CytoplasmicMembrane	   BepiPred-3.0	0.15	0.20	-	TLIRTARTVE	670	680	N	0	-	10	1.16	9.26	-0.03	0.60
				          Emini	1.00	1.87	0.90	EE.EEEEEEE         	
				       Kolaskar	1.05	1.00	0.00	..........         	
				    Chou Fosman	0.91	0.84	0.10	.E........         	
				 Karplus Schulz	0.98	1.01	1.00	EEEEEEEEEE         	
				         Parker	-0.33	1.74	1.00	EEEEEEEEEE         	
				    All matches	-	-	0.00	..........         	
				         N-Glyc	-	-	0.00	..........         	
				     Hydropathy	-	-0.03	-	-++--+--+-         	
8	Q8F145	Q8F145	CytoplasmicMembrane	   BepiPred-3.0	0.15	0.19	-	QNQFEAPLFF	82	92	N	0	-	10	1.24	4.00	-0.16	0.52
				          Emini	1.00	1.47	0.50	EEEEE.....         	
				       Kolaskar	1.07	1.03	0.40	......EEEE         	
				    Chou Fosman	0.91	0.92	0.60	EEEEE....E         	
				 Karplus Schulz	0.97	1.00	0.60	EEEEEE....         	
				         Parker	-0.98	-0.15	0.50	EEEEE.....         	
				    All matches	-	-	0.00	..........         	
				         N-Glyc	-	-	0.00	..........         	
				     Hydropathy	-	-0.16	-	---+-+-+++         	
